model;;MLP-FL;MLP-FL;MLP-FL;MLP-FL;MLP-FL;MLP-FL;MLP-FL;MLP-FL;MLP-FL;CNN-FL;CNN-FL;CNN-FL;CNN-FL;CNN-FL;CNN-FL;CNN-FL;CNN-FL;CNN-FL;RNN-FL;RNN-FL;RNN-FL;RNN-FL;RNN-FL;RNN-FL;RNN-FL;RNN-FL;RNN-FL
train;;1;2;3;4;5;mean;std;min;max;1;2;3;4;5;mean;std;min;max;1;2;3;4;5;mean;std;min;max
program;version;;;;;;;;;;;;;;;;;;;;;;;;;;;
Chart;2;21;151;135;25;165;99.4;70.56061224224177;21;165;1112;1249;951;642;547;900.2;300.21608884268676;547;1249;45;63;58;56;60;56.4;6.877499545619759;45;63
Chart;3;7;7;7;6;13;8.0;2.8284271247461903;6;13;266.5;75.5;704.5;621.5;602.5;454.1;269.85051417405157;75.5;704.5;5;7;6;7;7;6.4;0.8944271909999159;5;7
Chart;5;11;7;7;11;8;8.8;2.04939015319192;7;11;90;21;9;5;80.5;41.1;40.869303884455874;5;90;2;2;8;5;7;4.8;2.7748873851023217;2;8
Chart;6;126;53;166;45;35;85.0;57.80570906061096;35;166;620;179;565;199;626;437.8;228.47253664280964;179;626;52;67;66;69;83;67.4;11.013627921806691;52;83
Chart;7;225;38;144;61;172;128.0;77.76567366132694;38;225;301;12.5;116;226;130.5;157.2;110.40867266659808;12.5;301;200;131;110;207;200;169.6;45.522521898506454;110;207
Chart;8;17;1;12;16;4;10.0;7.176350047203662;1;17;154;179;119;192;52;139.2;56.13109655084247;52;192;25;20;23;16;23;21.4;3.5071355833500366;16;25
Chart;9;15;22;5;4;11;11.4;7.436396977031283;4;22;748.5;301;598;726;301.5;535.0;220.9697377470499;301;748.5;14;11;11;12;6;10.8;2.949576240750525;6;14
Chart;10;3;1;3;3;2;2.4;0.8944271909999159;1;3;12;45.5;40.5;44;25;33.4;14.47152376220279;12;45.5;1;1;1;1;1;1.0;0.0;1;1
Chart;11;76;26;1;16;129;49.6;52.55758746365743;1;129;141;58;62;134.5;138;106.7;42.71650734786261;58;141;14;16;12;12;30;16.8;7.563068160475615;12;30
Chart;12;32;23;56;8;78;39.4;27.72724292099739;8;78;2029;4178;2924;3010;3095;3047.2;763.9186475011588;2029;4178;21;13;11;23;9;15.4;6.228964600958975;9;23
Chart;13;467;40;132;47;5;138.2;189.63834000539026;5;467;815.5;548;677.5;307;602;590.0;187.41898249643765;307;815.5;8;45;62;15;13;28.6;23.649524308112415;8;62
Chart;14;10;4;15;13;12;10.8;4.207136793592526;4;15;389.5;37;1215.5;901;1331;774.8;550.5239095625185;37;1331;112;233;245;345;211;229.2;83.27784819506326;112;345
Chart;16;1;16;1;12;2;6.4;7.092249290598858;1;16;1;65.5;94.5;73;93;65.4;38.12381145688348;1;94.5;15;4;6;10;3;7.6;4.929503017546495;3;15
Chart;17;3;2;3;1;2;2.2;0.8366600265340756;1;3;254;787;774.5;900;733;689.7;251.29355343900087;254;900;9;16;14;11;17;13.4;3.361547262794322;9;17
Chart;18;1;5;3;3;4;3.2;1.4832396974191326;1;5;91;7;116;125.5;46;77.1;49.82519443012742;7;125.5;1;2;3;1;3;2.0;1.0;1;3
Chart;19;2;2;4;3;2;2.6;0.8944271909999159;2;4;1582;823.5;1665;3653;3245.5;2193.8;1200.727727255434;823.5;3653;58;118;96;59;82;82.6;25.471552759892752;58;118
Chart;20;8;11;15;5;5;8.8;4.266145801540309;5;15;504;425;414.5;418;363.5;425.0;50.45418714041482;363.5;504;19;24;13;25;15;19.2;5.310367218940701;13;25
Chart;21;7;11;8;6;2;6.8;3.271085446759225;2;11;126;276;18;244;426;218.0;154.7320264198721;18;426;13;7;10;5;5;8.0;3.4641016151377544;5;13
Chart;22;4;2;5;4;2;3.4;1.3416407864998738;2;5;72;78;78;119;91;87.6;18.87591057406238;72;119;8;10;5;2;1;5.2;3.8340579025361627;1;10
Chart;23;4500;2967;887;3424;930;2541.6;1591.3737147508753;887;4500;3162;3492.5;1380;4030;1061;2625.1;1323.9213722876445;1061;4030;4560;3891;3630;4640;4207;4185.6;430.86923770443394;3630;4640
Chart;24;4;2;2;3;4;3.0;1.0;2;4;16;13;20.5;13;17;15.9;3.1304951684997055;13;20.5;1;2;1;4;1;1.8;1.3038404810405297;1;4
Lang;1;2;3;1;3;1;2.0;1.0;1;3;431;667;51;546.5;292.5;397.6;238.2439401118106;51;667;3;1;1;2;3;2.0;1.0;1;3
Lang;2;48;49;81;14;41;46.6;23.90188277102873;14;81;68;67.5;55;45;85;64.1;15.093044755780724;45;85;26;40;42;32;42;36.4;7.127411872482185;26;42
Lang;3;4;10;10;7;3;6.8;3.2710854467592254;3;10;522.5;456.5;1519;908;1178.5;916.9;446.81027852993714;456.5;1519;13;8;21;16;20;15.6;5.319774431308154;8;21
Lang;4;12;2;6;9;9;7.6;3.7815340802378077;2;12;2;5;14;12.5;15;9.7;5.826662852782886;2;15;9;3;1;3;1;3.4;3.2863353450309964;1;9
Lang;5;6;2;4;4;4;4.0;1.4142135623730951;2;6;1;29;31;53;15;25.8;19.421637418096342;1;53;4;1;1;3;5;2.8;1.7888543819998317;1;5
Lang;6;1998;457;1671;2386;2750;1852.4;879.1560157332713;457;2750;2292.5;2061;792;2699;221;1613.1;1055.168849047393;221;2699;2785;2793;2790;2788;2785;2788.2;3.420526275297414;2785;2793
Lang;7;139;230;196;350;740;331.0;241.31514664438285;139;740;84;125;584;565;30;277.6;273.20010980964116;30;584;16;20;41;50;21;29.6;14.976648490233053;16;50
Lang;8;47;33;12;30;58;36.0;17.507141400011598;12;58;175.5;224.5;177;316;454.5;269.5;118.1148805189253;175.5;454.5;83;191;34;56;94;91.6;60.30174126839125;34;191
Lang;9;142;342;44;274;298;220.0;123.43419299367578;44;342;308;510;488;147;577;406.0;175.68864505140905;147;577;415;311;523;371;296;383.2;91.54343231493999;296;523
Lang;10;18;83;61;29;142;66.6;49.39939270881779;18;142;399;447;425;513;492;455.2;46.9914885910204;399;513;29;129;57;36;87;67.6;41.07067080046295;29;129
Lang;11;5;5;4;2;8;4.8;2.16794833886788;2;8;47;42;14.5;38;35;35.3;12.467958934805647;14.5;47;8;5;9;4;12;7.6;3.2093613071762426;4;12
Lang;12;2;3;2;7;2;3.2;2.16794833886788;2;7;1;16;27;8;6;11.6;10.16366075781753;1;27;2;4;6;3;1;3.2;1.9235384061671346;1;6
Lang;13;42;61;61;33;70;53.4;15.30686120666154;33;70;13;1;53;22;50;27.8;22.90633100258529;1;53;32;47;54;56;40;45.8;9.959919678390985;32;56
Lang;14;3;2;1;4;4;2.8;1.3038404810405297;1;4;471;452;420;726;515;516.8;121.89626737517436;420;726;23;20;28;29;26;25.2;3.7013511046643495;20;29
Lang;15;157;141;886;142.5;681;401.5;356.22394641573436;141;886;89;97;1642.5;625.5;583.5;607.5;632.7672360354951;89;1642.5;155;142;166;208;147;163.6;26.425366601052104;142;208
Lang;16;729;302;171;835;1211;649.6;420.0390458040776;171;1211;869;1449;739;1412.5;1217.5;1137.4;320.13735333447113;739;1449;45;36;63;46;51;48.2;9.884331034521255;36;63
Lang;17;28;97;8;254;43;86.0;99.55149421279421;8;254;127;103;377.5;17;18;128.5;147.7294825009551;17;377.5;1241;1230;1236;1239;1241;1237.4;4.61519230368573;1230;1241
Lang;18;60;15;20;11;50;31.2;22.241852440837746;11;60;385;98;359;376.5;346;312.9;121.08488757892125;98;385;112;40;74;42;82;70.0;30.033314835362415;40;112
Lang;19;13;3;9;4;3;6.4;4.449719092257398;3;13;1;3;1;15.5;17;7.5;8.04673846971554;1;17;3;7;7;5;7;5.8;1.7888543819998317;3;7
Lang;20;18;17;8;9;16;13.6;4.722287581247038;8;18;320.5;336.5;990;380.5;333.5;472.2;290.3406619817486;320.5;990;11;13;14;6;14;11.6;3.361547262794322;6;14
Lang;21;1;1;2;2;2;1.6;0.5477225575051661;1;2;143;99.5;76;276;305;179.9;104.2906994894559;76;305;1;1;1;1;1;1.0;0.0;1;1
Lang;22;24;14;21;41;25;25.0;9.924716620639604;14;41;78;67.5;58.5;70;46;64.0;12.232129822725067;46;78;26;25;36;24;26;27.4;4.878524367060187;24;36
Lang;23;91;188;28;62;79.5;89.7;59.88071475859319;28;188;382;307.5;27;307.5;242;253.2;135.81080590291776;27;382;112;272;62;60;44;110.0;94.08506789071261;44;272
Lang;24;56;23;628;329;415;290.2;253.69016535924288;23;628;1548;667;1174.5;644;1587;1124.1;457.1499207043571;644;1587;19;16;30;19;148;46.4;57.046472283568946;16;148
Lang;25;3;11;4;14;2;6.8;5.357238094391549;2;14;16;13;13;8;16;13.2;3.271085446759225;8;16;15;17;10;9;12;12.6;3.361547262794322;9;17
Lang;26;27;9;7;9;25;15.4;9.73652915571047;7;27;34;101;332;280;156;180.6;123.72873554675971;34;332;76;76;9;30;14;41.0;32.87856444554719;9;76
Lang;27;211;691;18;708;79;341.4;334.3131765276386;18;708;1105;991;1043;1008;331.5;895.7;318.40179019597235;331.5;1105;90;53;17;78;50;57.6;28.25420322713065;17;90
Lang;28;2;2;3;4;5;3.2;1.3038404810405297;2;5;21;14.5;2;17.5;1;11.2;9.15559937961464;1;21;1;8;5;14;14;8.4;5.683308895353129;1;14
Lang;29;1;1;1;1;1;1.0;0.0;1;1;269;340;740;456;476;456.2;179.91720317968483;269;740;15;17;17;16;18;16.6;1.1401754250991378;15;18
Lang;30;4;3;5;5;6;4.6;1.1401754250991378;3;6;76;49;1532;367;3;405.4;645.7850261503436;3;1532;10;9;9;8;9;9.0;0.7071067811865476;8;10
Lang;31;3;1;1;4;3;2.4;1.3416407864998738;1;4;1856;594;621.5;1427;1797;1259.1;616.9903159693837;594;1856;9;10;9;9;9;9.2;0.4472135954999579;9;10
Lang;32;251;648;377;19;180;295.0;235.9396109177092;19;648;524;993.5;407.5;238.5;491;530.9;281.2310882530592;238.5;993.5;46;50;30;59;43;45.6;10.597169433391164;30;59
Lang;33;5;7;1;4;8;5.0;2.7386127875258306;1;8;666;1189;1209;374;500;787.6;389.63611228940266;374;1209;11;10;10;11;11;10.6;0.5477225575051662;10;11
Lang;34;32;35;33;29;28;31.4;2.8809720581775866;28;35;660;656;614;756;657;668.6;52.4099227246139;614;756;44;82;51;41;46;52.8;16.72423391369542;41;82
Lang;35;1;2;3;1;1;1.6;0.8944271909999159;1;3;133;411;208;141;252.5;229.1;113.00132742583159;133;411;2;3;3;2;2;2.4;0.5477225575051661;2;3
Lang;36;101;10;170;1;567.5;169.9;232.8777576326258;1;567.5;305;605;1156.5;1099;256.5;684.4;426.64935837289147;256.5;1156.5;15;48;28;54;50;39.0;16.76305461424021;15;54
Lang;37;3;4;2;3;3;3.0;0.7071067811865476;2;4;277;336;264.5;82.5;634;318.8;200.11265577169274;82.5;634;4;2;3;3;6;3.6;1.5165750888103102;2;6
Lang;38;5;4;3;4;3;3.8;0.8366600265340756;3;5;125.5;440.5;130;136;280;222.4;138.09208883929594;125.5;440.5;4;5;11;9;10;7.8;3.1144823004794873;4;11
Lang;39;13;60;214;15;211;102.6;102.07497244672662;13;214;125.5;308.5;571;628;714;469.4;244.6741200045481;125.5;714;15;45;38;44;21;32.6;13.758633653092156;15;45
Lang;40;2;2;2;1;2;1.8;0.4472135954999579;1;2;729;1066;338;892;781;761.2;269.5082559032283;338;1066;11;9;9;9;8;9.2;1.0954451150103321;8;11
Lang;41;6;8;5;7;5;6.2;1.3038404810405297;5;8;200;87;168;154;130;147.8;42.38159978103705;87;200;1;3;1;1;1;1.4;0.8944271909999161;1;3
Lang;42;1;17;3;9;7;7.4;6.228964600958975;1;17;183.5;284;142;13;269;178.3;109.62185001175632;13;284;5;6;18;6;5;8.0;5.612486080160912;5;18
Lang;43;4;2;1;2;12;4.2;4.494441010848846;1;12;39;249;222;273;86;173.8;104.52128969736262;39;273;2;2;7;2;3;3.2;2.16794833886788;2;7
Lang;44;31;8;5;19;10;14.6;10.549881515922346;5;31;165;53.5;132;143;105;119.7;42.85090430784396;53.5;165;28;22;18;23;25;23.2;3.7013511046643495;18;28
Lang;45;8;13;4;22;21;13.6;7.893034904268446;4;22;161;332;787;681;74;407.0;314.84361197267447;74;787;11;19;17;18;20;17.0;3.5355339059327378;11;20
Lang;46;1;1;1;1;1;1.0;0.0;1;1;67.5;2;96;80;47;58.5;36.31115531073061;2;96;6;5;3;7;4;5.0;1.5811388300841898;3;7
Lang;47;4;5;2;2;3;3.2;1.3038404810405297;2;5;83;318;53;347.5;103;180.9;140.145638533634;53;347.5;2;2;3;5;2;2.8;1.3038404810405297;2;5
Lang;48;2;1;2;2;2;1.8;0.44721359549995804;1;2;154.5;178;165;165.5;146;161.8;12.13775102727025;146;178;18;9;16;16;16;15.0;3.4641016151377544;9;18
Lang;49;2;4;3;7;2;3.6;2.0736441353327724;2;7;66;102;99;72.5;130;93.9;25.647611974606914;66;130;3;3;4;5;2;3.4;1.140175425099138;2;5
Lang;50;4;7;12;11;16;10.0;4.636809247747852;4;16;334.5;88.5;319;138;262;228.4;109.93031883879898;88.5;334.5;5;14;4;22;11;11.2;7.328028384224504;4;22
Lang;51;5;6;9;11;7;7.6;2.4083189157584592;5;11;16;44;50.5;30;52.5;38.6;15.400487005286553;16;52.5;5;15;11;12;8;10.2;3.8340579025361627;5;15
Lang;52;3;40;141;13;31;45.6;55.27929087823035;3;141;72.5;87;80;209;151;119.9;58.79455757125824;72.5;209;25;65;41;26;119;55.2;39.156097864828155;25;119
Lang;53;180;203;154;141;163;168.2;24.07695994098923;141;203;111;156;148;56;99;114.0;40.367065783878814;56;156;84;181;118;158;73;122.8;46.461812276319996;73;181
Lang;54;7;5;2;3;1;3.6;2.4083189157584592;1;7;56;56.5;58;17;58;49.1;17.966635745180564;17;58;3;6;3;2;4;3.6;1.5165750888103102;2;6
Lang;55;7;5;9;4;9;6.8;2.280350850198276;4;9;19;39;4;8;15;17.0;13.619838471876236;4;39;17;6;12;10;10;11.0;4.0;6;17
Lang;56;281;169;63;195;271;195.8;88.41493086577628;63;281;150.5;172.5;137.5;32;135;125.5;54.33806216640413;32;172.5;230;443;331;131;290;285.0;116.02370447455985;131;443
Lang;57;4;3;2;2;7;3.6;2.073644135332772;2;7;16.5;155;40;18;8;47.5;61.24540799113024;8;155;6;6;9;5;8;6.8;1.6431676725154984;5;9
Lang;58;22;21;17;15;10;17.0;4.847679857416329;10;22;31;489;709;312;252;358.6;255.2651562591338;31;709;8;4;6;6;8;6.4;1.6733200530681511;4;8
Lang;59;2;4;2;5;3;3.2;1.3038404810405297;2;5;678.5;217;8;2.5;286;238.4;276.1995202747463;2.5;678.5;5;5;5;5;4;4.8;0.4472135954999579;4;5
Lang;60;4;2;3;1;1;2.2;1.3038404810405297;1;4;227;147;248.5;256;113;198.3;64.38322762956203;113;256;22;15;26;17;17;19.4;4.505552130427524;15;26
Lang;61;4;25;15;2;18;12.8;9.67987603226405;2;25;122;258;265;37;287;193.8;109.10866143437009;37;287;2;5;1;5;1;2.8;2.0493901531919194;1;5
Lang;62;137;107;69;127;61;100.2;34.017642481512446;61;137;97;244;115;256;97;161.8;80.96110177115922;97;256;23;25;32;25;25;26.0;3.4641016151377544;23;32
Lang;63;1;2;2;2;2;1.8;0.44721359549995804;1;2;240;3;55;209;154;132.2;100.80525779938266;3;240;4;8;1;1;15;5.8;5.890670590009256;1;15
Lang;64;1;1;1;1;1;1.0;0.0;1;1;233;247;339.5;798;970.5;517.6;342.6673678656898;233;970.5;9;12;8;9;12;10.0;1.8708286933869707;8;12
Lang;65;11;8;15;4;7;9.0;4.183300132670378;4;15;37;52;70;19;51;45.8;19.018412131405714;19;70;16;15;11;13;12;13.4;2.073644135332772;11;16
Math;1;29;15;21;14;22;20.2;6.058052492344384;14;29;742.5;1404;1887.5;942;1704;1336.0;487.77005340631564;742.5;1887.5;31;30;24;28;33;29.2;3.420526275297414;24;33
Math;2;87;199;105;301;66;151.6;97.77422973360618;66;301;1790;383;341.5;1364;613.5;898.4;645.8863483616913;341.5;1790;127;81;287;108;77;136.0;86.85044617041412;77;287
Math;3;4;4;32;18;2;12.0;12.884098726725126;2;32;116.5;275;121;155;145;162.5;64.9172550251472;116.5;275;12;23;23;25;23;21.2;5.215361924162119;12;25
Math;4;32;42;6;17;17;22.8;14.166862743741113;6;42;2520.5;428;107;803.5;374;846.6;968.166269294691;107;2520.5;49;55;51;40;26;44.2;11.562871615649808;26;55
Math;5;1;2;2;2;1;1.6;0.5477225575051661;1;2;216;169;162;69.5;230;169.3;63.0055553106232;69.5;230;14;8;6;5;4;7.4;3.9749213828703582;4;14
Math;7;104;55;63;436;200;171.6;158.64520162929605;55;436;772;915.5;1519;2030.5;4;1048.2;769.8726030974216;4;2030.5;146;36;70;66;107;85.0;42.40283009422838;36;146
Math;8;3;1;2;2;3;2.2;0.8366600265340756;1;3;144;315;135;436;179;241.8;130.37139256754142;135;436;12;2;1;7;1;4.6;4.8270073544588685;1;12
Math;9;4;4;4;3;2;3.4;0.8944271909999159;2;4;760;896;408.5;2070;2125;1251.9;792.3927687706395;408.5;2125;2;2;2;2;2;2.0;0.0;2;2
Math;10;30;35;49;128;250;98.4;93.53769293712561;30;250;355;1250;523;855;393;675.2;376.8463878027757;355;1250;262;188;384;187;141;232.4;95.19086090586637;141;384
Math;12;2370;2310;2379;2365;2361;2357.0;27.120103244641236;2310;2379;1576.5;1515;748;1306;1694;1367.9;374.0324852202011;748;1694;2250;2286;2295;2334;2300;2293.0;30.133038346638727;2250;2334
Math;15;294;5;8;1242;30;315.8;531.8225267887775;5;1242;2746;2043;2599;1588;1317;2058.6;619.7235674072756;1317;2746;1393;442;860;1637;710;1008.4;493.69251564106173;442;1637
Math;16;1;1;2;3;1;1.6;0.8944271909999159;1;3;1934;2286;673.5;2108;1900.5;1780.4;637.6122842292172;673.5;2286;141;118;357;407;1081;420.8;390.544747756259;118;1081
Math;17;79;19;46;37;7;37.6;27.691153822114384;7;79;391;1085;753.5;297.5;1059;717.2;366.0520113317232;297.5;1085;88;103;93;95;117;99.2;11.322543883774529;88;117
Math;19;130;241;885;107;36;279.8;346.23359166897717;36;885;1525;1892;2755;793;2019;1796.8;717.2992402059269;793;2755;435;148;158;298;84;224.6;141.1800269159912;84;435
Math;21;16;19;11;16;28;18.0;6.284902544988268;11;28;1375.5;3902;112;3271;624.5;1857.0;1656.6037924017921;112;3902;14;9;12;19;12;13.2;3.7013511046643495;9;19
Math;22;1;1;1;1;1;1.0;0.0;1;1;436;477;580;448.5;579;504.1;70.41697238592413;436;580;74;69;21;53;39;51.2;21.79908254950194;21;74
Math;23;72;170;425;40;802;301.8;317.84304302595643;40;802;298;460;447.5;349.5;95;330.0;147.76290129799156;95;460;249;441;895;301;295;436.2;266.35540167227697;249;895
Math;24;739;2180;1864;174;1691;1329.6;840.177540761475;174;2180;1798.5;1890;2054;2307;1518;1913.5;293.5898499607914;1518;2307;87;125;190;223;1237;372.4;486.2569279712115;87;1237
Math;25;544;499;547;548;546;536.8;21.182539979898536;499;548;465;388;382;331;155;344.2;116.09349680322322;155;465;544;547;546;546;547;546.0;1.224744871391589;544;547
Math;26;29;32;23;67;105;51.2;34.64390278245221;23;105;1656;467;1159;1173;1366;1164.2;438.4013001805538;467;1656;30;32;9;22;15;21.6;9.762171889492626;9;32
Math;27;2;1;1;2;2;1.6;0.5477225575051661;1;2;1473;1565;1745;1481.5;1395;1531.9;133.47115793309055;1395;1745;8;5;9;5;4;6.2;2.16794833886788;4;9
Math;28;5;9;13;13;14;10.8;3.7682887362833544;5;14;2360;1813;1208;5669;4426;3095.2;1880.262933740917;1208;5669;15;11;14;16;16;14.4;2.073644135332772;11;16
Math;29;28;15;10;20;24;19.4;7.127411872482185;10;28;1914;28;493.5;862;914;842.3;696.2068299004254;28;1914;47;51;68;62;61;57.8;8.5848704125339;47;68
Math;30;46;104;7;18;36;42.2;37.7385744298854;7;104;2600;1006;297;764;2542;1441.8;1062.046232515327;297;2600;713;1436;301;113;69;526.4;568.5752368860256;69;1436
Math;31;142;107;122;59;193;124.6;48.99285662216483;59;193;1132;2631;1147;2269.5;2372;1910.3;715.8871768651818;1132;2631;148;82;117;146;140;126.6;27.81726082848561;82;148
Math;32;4;32;8;11;34;17.8;14.113823011501882;4;34;1072.5;1666;2318;910;1871;1567.5;579.309071221917;910;2318;4;13;48;11;28;20.8;17.541379649275026;4;48
Math;33;168;138;25;66;19;83.2;67.07980321974715;19;168;1279;5161;4755;5217;4403;4163.0;1645.6336165744792;1279;5217;12;11;11;10;18;12.4;3.2093613071762426;10;18
Math;34;1;1;1;1;1;1.0;0.0;1;1;59.5;166;50;126;179;116.1;59.40791193098778;50;179;41;8;26;23;14;22.4;12.621410380777577;8;41
Math;35;66;119;199;119;73;115.2;53.03960784168752;66;199;98;251;77;313;175;182.8;100.06098140634042;77;313;4;7;51;3;5;14.0;20.73644135332772;3;51
Math;36;1;1;1;1;1;1.0;0.0;1;1;222;323;329;447;183;300.8;103.37891467799417;183;447;351;349;525;404;247;375.2;101.2136354450328;247;525
Math;37;9;6;7;9;13;8.8;2.6832815729997477;6;13;82;100;513;500.5;1256.5;490.4;476.11046512337873;82;1256.5;109;67;31;47;35;57.8;31.86220331364421;31;109
Math;38;4;5;4;3;4;4.0;0.7071067811865476;3;5;1990;431;1301.5;2776;1264.5;1552.6;879.2135263973138;431;2776;15;13;14;13;3;11.6;4.878524367060187;3;15
Math;39;191;198;106;89;1216;360.0;481.0140330593277;89;1216;628;1780;2170;1204;1293;1415.0;587.7975842073528;628;2170;347;246;176;369;287;285.0;77.95190825117753;176;369
Math;40;949;148;24;849;193;432.6;431.6877343636254;24;949;502;459;1544.5;454;753;742.5;464.9620952292778;454;1544.5;52;44;60;85;86;65.4;19.20416621465249;44;86
Math;41;42;6;38;43;25;30.8;15.61089363233252;6;43;1251.5;1089;562;482;109;698.7;466.72095517557386;109;1251.5;18;15;7;20;9;13.8;5.630275304103699;7;20
Math;42;23;27;40;74;85;49.8;28.101601377857456;23;85;107;5648;3919.5;1136;2134;2588.9;2213.9483507977325;107;5648;2052;4758;5157;3932;4677;4115.2;1235.3658162665827;2052;5157
Math;43;2030;656;797;432;229;828.8;705.5074060560953;229;2030;463.5;630;107.5;643;1935;755.8;693.6847807181588;107.5;1935;101;167;109;146;64;117.4;40.21566858825052;64;167
Math;44;7;6;6;6;9;6.8;1.3038404810405297;6;9;1995;1453;2033;2123.5;434.5;1607.8;706.6224769988569;434.5;2123.5;243;142;150;215;156;181.2;45.01888492621735;142;243
Math;45;1;2;1;2;1;1.4;0.5477225575051661;1;2;887;291;513.5;403;197.5;458.4;267.3456096516268;197.5;887;2;1;1;1;1;1.2;0.44721359549995804;1;2
Math;46;1;3;2;2;2;2.0;0.7071067811865476;1;3;629.5;2506;1915.5;1975;1921.5;1789.5;694.0249455170901;629.5;2506;4;4;3;2;3;3.2;0.8366600265340756;2;4
Math;47;2;2;2;2;2;2.0;0.0;2;2;300;644.5;669.5;690;126;486.0;257.1995820369854;126;690;7;6;6;5;7;6.2;0.8366600265340756;5;7
Math;48;24;68;15;29;81;43.4;29.194177501686873;15;81;1183;995;1913;814;2075;1396.0;564.1861394965317;814;2075;365;368;347;394;338;362.4;21.61712284278368;338;394
Math;49;59;31;11;3;7;22.2;23.220680437919988;3;59;143.5;796;552.5;1892;824;841.6;647.4279303520972;143.5;1892;18;19;29;15;17;19.6;5.458937625582472;15;29
Math;50;1;1;1;1;1;1.0;0.0;1;1;2780.5;2883;1269;2654;2171;2351.5;663.781967215139;1269;2883;1;1;1;1;1;1.0;0.0;1;1
Math;51;52;58;28;92;293;104.6;107.77198151653333;28;293;1187;1147;791.5;2063;1421;1321.9;471.47698777352855;791.5;2063;1260;181;61;343;49;378.8;506.6272791707924;49;1260
Math;52;26;6;11;38;19;20.0;12.62933094031509;6;38;2081;2411;1502;1500;626;1624.0;680.8968350638737;626;2411;27;33;30;29;30;29.8;2.16794833886788;27;33
Math;53;3;3;2;2;3;2.6;0.5477225575051661;2;3;568;569.5;540.5;556;557;558.2;11.654398311367258;540.5;569.5;17;16;15;17;14;15.8;1.3038404810405297;14;17
Math;54;21;31;31;6;29;23.6;10.667708282475669;6;31;996;725;570;527;653;694.2;185.14237764488175;527;996;23;17;22;16;18;19.2;3.1144823004794873;16;23
Math;55;1;1;1;1;1;1.0;0.0;1;1;635.5;1743.5;431;33.5;1444;857.5;713.9923844131672;33.5;1743.5;6;9;10;8;14;9.4;2.9664793948382653;6;14
Math;56;4;2;5;6;4;4.2;1.4832396974191326;2;6;267.5;576.5;1840.5;177;1950.5;962.4;865.4564113807235;177;1950.5;1;2;6;15;9;6.6;5.683308895353129;1;15
Math;57;99;7;21;14;12;30.6;38.565528649300276;7;99;513;2008;311;1768.5;2222;1364.5;887.0638364852892;311;2222;1884;162;183;2423;38;938.0;1127.2025106430522;38;2423
Math;58;1775;951;253;2306;2548;1566.6;956.2684246591017;253;2548;2081;1507;589;2143;688.5;1401.7;740.1347512446636;589;2143;2826;2808;2826;2830;2825;2823.0;8.602325267042627;2808;2830
Math;59;2;2;1;2;2;1.8;0.4472135954999579;1;2;830.5;1552;859;818;2361;1284.1;677.347067610099;818;2361;3;3;3;3;3;3.0;0.0;3;3
Math;60;36;31;35;32;33;33.4;2.0736441353327724;31;36;1449;1839;1340;2041;1222;1578.2;347.3149867195483;1222;2041;74;47;43;95;45;60.8;22.91724241700995;43;95
Math;61;3;3;15;10;10;8.2;5.167204273105526;3;15;507;739;466;1276;948;787.2;334.9577585308333;466;1276;300;252;295;390;231;293.6;61.20702574051447;231;390
Math;62;14;626;237;5;347;245.8;258.16022156792474;5;626;35;545;532;825;550;497.4;286.0791848422391;35;825;31;82;231;2;177;104.6;97.04792630448112;2;231
Math;63;4;5;8;4;2;4.6;2.1908902300206643;2;8;1291;474;1207;1245.5;371;917.7;454.4916940935225;371;1291;11;16;17;13;12;13.8;2.588435821108957;11;17
Math;64;8;6;6;10;6;7.2;1.7888543819998317;6;10;75;139;266;3;362;169.0;144.8706319445042;3;362;129;124;126;102;112;118.6;11.304866208850063;102;129
Math;65;72;87;26;75;16;55.2;31.917080066948483;16;87;1675;2815;2532.5;1408;2511;2188.3;609.8579342765001;1408;2815;50;27;26;6;65;34.8;22.971721746530015;6;65
Math;66;600;141;149;97;152;227.8;209.24315998378538;97;600;338;96;18.5;169;410;206.3;164.06157380690945;18.5;410;975;509;1509;811;519;864.6;411.15787721993115;509;1509
Math;67;20;362;8;16;264;134.0;167.09278859364338;8;362;32;196;270;7;48;110.6;115.68405248779972;7;270;29;159;9;10;441;129.6;184.93458302870232;9;441
Math;68;53;102;48;158;117;95.6;46.02499321021134;48;158;68;443.5;147.5;273;1;186.6;175.71617739980573;1;443.5;126;107;125;147;131;127.2;14.324803663575986;107;147
Math;69;643;146.5;12;28;16;169.1;270.70334316369275;12;643;2659;590.5;2876;2744;1865;2146.9;955.5378328459841;590.5;2876;45;70;51;43;20;45.8;17.935997323817823;20;70
Math;70;1;7;6;1;1;3.2;3.0331501776206204;1;7;136.5;113;51.5;25;97;84.6;45.55683263792601;25;136.5;1;1;1;1;5;1.8;1.788854381999832;1;5
Math;71;2;2;2;2;2;2.0;0.0;2;2;189;184;605;133;266;275.4;190.27690348542043;133;605;56;58;104;70;119;81.4;28.49210416940104;56;119
Math;72;3;11;2;3;13;6.4;5.176871642217914;2;13;35;26;70;60;68;51.8;20.054924582256596;26;70;6;3;3;3;10;5.0;3.082207001484488;3;10
Math;73;5;6;1;10;25;9.4;9.289779329994873;1;25;85;78;91;14;106;74.8;35.52041666422284;14;106;27;17;25;40;29;27.6;8.294576541331088;17;40
Math;74;2420;2757.5;3299;1339;3680;2699.1;901.8348241224664;1339;3680;3050.5;956.5;27;485;2077;1319.2;1231.7550791452009;27;3050.5;4461;4574;4350;4410;4408;4440.6;84.28997567919924;4350;4574
Math;75;1;1;1;2;3;1.6;0.8944271909999159;1;3;26;89.5;127;99;44;77.1;41.322512024319145;26;127;10;9;7;4;3;6.6;3.0495901363953815;3;10
Math;76;96;54;57;66;75;69.6;16.890825912311097;54;96;2176;723;3909;2586;4787;2836.2;1574.8491038826546;723;4787;75;60;68;51;68;64.4;9.181503144910424;51;75
Math;77;7;4;2;2;6;4.2;2.2803508501982757;2;7;318;1180;623.5;344;133;519.7;408.6137540514269;133;1180;27;32;24;28;29;28.0;2.9154759474226504;24;32
Math;78;271;48;231;183;30;152.6;108.46796762178224;30;271;395;3;134.5;446;335;262.7;187.22232772829207;3;446;86;32;71;75;179;88.6;54.491283706662664;32;179
Math;79;128;98;102;15;14;71.4;53.20526289757433;14;128;137;25;206;9;4;76.2;90.68461832085968;4;206;17;25;35;34;31;28.4;7.46993975879324;17;35
Math;80;30;25;16;38;17;25.2;9.203260291874832;16;38;1026;3401;1520;3709;4331;2797.4;1441.9505192620168;1026;4331;49;26;31;35;53;38.8;11.670475568716128;26;53
Math;81;20;8;35;4;27;18.8;12.911235417263523;4;35;147.5;1094.5;60;241.5;1156.5;540.0;538.7719833101941;60;1156.5;25;14;18;12;8;15.4;6.465291950097845;8;25
Math;82;1785;987;598;315;1719;1080.8;657.940118855812;315;1785;1721;1687;632;437.5;869;1069.3;599.3306266160607;437.5;1721;376;1322;183;806;325;602.4;464.59154103362664;183;1322
Math;83;39;46;4;437;50;115.2;180.80846219134767;4;437;96;416;1518;4;231;453.0;615.2089076078141;4;1518;37;34;27;41;36;35.0;5.1478150704935;27;41
Math;84;113;62;18;50;43;57.2;35.09558376776201;18;113;47;132;39;35;15;53.6;45.38501955491481;15;132;103;19;59;43;65;57.8;30.906310035330975;19;103
Math;85;173;256;287;166;83;193.0;80.67527502277262;83;287;19;143;302;139.5;140;148.7;100.64268478135905;19;302;11;14;62;21;34;28.4;20.767763480933617;11;62
Math;86;72;552;39;112;477;250.4;243.91658410202453;39;552;1071;1156;407;643;1122.5;879.9;335.91710286914537;407;1156;212;95;59;64;204;126.8;75.4499834327351;59;212
Math;87;919;310;442;206;498;475.0;273.1025448435075;206;919;1623.5;410;24.5;139;480;535.4;636.5743672187876;24.5;1623.5;835;1376;1751;1700;647;1261.8;501.1274289040663;647;1751
Math;88;1;1;1;1;1;1.0;0.0;1;1;393;403;15;460;1675.5;589.3;632.3786049511796;15;1675.5;1;1;1;1;1;1.0;0.0;1;1
Math;89;1;1;3;1;1;1.4;0.8944271909999159;1;3;75.5;2;55;44.5;48;45.0;26.872383593570557;2;75.5;2;1;1;2;1;1.4;0.5477225575051661;1;2
Math;90;7;4;7;1;3;4.4;2.6076809620810595;1;7;79;94;72;88;22;71.0;28.653097563788805;22;94;4;4;2;2;1;2.6;1.3416407864998738;1;4
Math;91;1;1;2;2;1;1.4;0.5477225575051661;1;2;128;141;55;79;231;126.8;68.00882295702522;55;231;2;2;2;1;1;1.6;0.5477225575051661;1;2
Math;92;2;22;11;14;1;10.0;8.74642784226795;1;22;155.5;157.5;75.5;153.5;72.5;122.9;44.674377443899544;72.5;157.5;9;7;22;8;9;11.0;6.2048368229954285;7;22
Math;93;2;2;2;2;2;2.0;0.0;2;2;108;90;160.5;149;166;134.7;33.76684764676738;90;166;8;6;6;8;7;7.0;1.0;6;8
Math;94;194;76;210;172;181;166.6;52.628889404964646;76;210;160.5;60;49;155.5;180;121.0;61.51524201366682;49;180;40;32;37;33;33;35.0;3.391164991562634;32;40
Math;95;6;9;1;1;5;4.4;3.4351128074635335;1;9;15;90;21;44;266;87.2;104.20988436803871;15;266;9;8;3;3;7;6.0;2.8284271247461903;3;9
Math;96;7;16;8;5;10;9.2;4.207136793592526;5;16;37.5;103;95;90.5;47;74.6;30.05702912797604;37.5;103;4;12;5;8;13;8.4;4.03732584763727;4;13
Math;97;8;8;10;10;11;9.4;1.3416407864998738;8;11;163;99;153;91;157.5;132.7;34.71238971894618;91;163;7;9;5;5;5;6.2;1.7888543819998317;5;9
Math;98;2;6;8;11;13;8.0;4.301162633521313;2;13;48;262.5;214;633;267.5;285.0;213.96641091535838;48;633;2;9;9;6;9;7.0;3.082207001484488;2;9
Math;99;6;7;5;7;7;6.4;0.8944271909999159;5;7;60;3;129;94;90.5;75.3;47.23822604628587;3;129;19;15;18;23;23;19.6;3.4351128074635335;15;23
Math;100;19;27;9;12;121;37.6;47.13597352341415;9;121;262;205;195.5;208;2;174.5;99.88243088751895;2;262;10;4;8;7;10;7.8;2.4899799195977463;4;10
Math;101;6;33;12;10;22;16.6;10.89954127475097;6;33;11;33;100;37;4;37.0;37.914377220257755;4;100;34;16;43;8;20;24.2;14.11382301150188;8;43
Math;102;1;5;1;3;1;2.2;1.7888543819998317;1;5;128;541;102;4;5;156.0;222.39042245564443;4;541;1;3;1;1;1;1.4;0.8944271909999161;1;3
Math;103;78;169;23;148;129;109.4;58.90076400183617;23;169;188;177;174;172;166.5;175.5;7.968688725254614;166.5;188;187;173;93;65;132;130.0;51.710733895391584;65;187
Math;104;167;163;167;164;167;165.6;1.9493588689617927;163;167;23;51.5;44;45;12;35.1;16.77945171929047;12;51.5;159;165;165;158;157;160.8;3.8987177379235853;157;165
Math;105;37;20;9;7;21;18.8;11.966620241321273;7;37;41;33;30;20.5;39;32.7;8.136338242723197;20.5;41;44;40;40;19;46;37.8;10.825894882179487;19;46
Math;106;7;1;4;2;2;3.2;2.387467277262665;1;7;8;3;10;56.5;13;18.1;21.772689314827417;3;56.5;7;5;17;3;4;7.2;5.674504383644443;3;17
Mockito;1;2;2;1;2;2;1.8;0.4472135954999579;1;2;557;757.5;441;805;670.5;646.2;148.54233403309644;441;805;1;4;1;7;2;3.0;2.5495097567963922;1;7
Mockito;2;1;2;4;7;1;3.0;2.5495097567963922;1;7;365;442.5;785;404;81;415.5;250.91432800858544;81;785;7;4;2;4;16;6.6;5.549774770204643;2;16
Mockito;3;3;2;1;1;1;1.6;0.8944271909999159;1;3;1142;3242;1115;883.5;357;1347.9;1104.7400372938423;357;3242;14;8;5;5;19;10.2;6.1400325732035;5;19
Mockito;4;902;150;457;955;908;674.4;356.147862551497;150;955;297;11;891;705;1115;603.8;447.09864683311224;11;1115;148;148;439;100;27;172.4;157.04235097577978;27;439
Mockito;5;2431;1472.5;1724;1280;3822;2145.9;1033.4218886785782;1280;3822;1059;1550;1122;276.5;1274;1056.3;475.2748678396534;276.5;1550;2720;3084.5;3425;3792;3265;3257.3;397.6926577144718;2720;3792
Mockito;6;3;4;5;4;4;4.0;0.7071067811865476;3;5;534.5;3;510;617.5;294;391.8;247.99460679619628;3;617.5;99;36;221;65;276;139.4;103.89562069692832;36;276
Mockito;7;904;399;613;1716;1100;946.4;507.06932464900694;399;1716;110;547.5;530.5;409;1082;535.8;352.0949090799241;110;1082;571;413;495;994;958;686.2;270.6856109954868;413;994
Mockito;8;9;55;50;58;40;42.4;19.882152800941853;9;58;80;135;141.5;130;150;127.3;27.480902459708265;80;150;39;13;52;55;31;38.0;17.029386365926403;13;55
Mockito;9;1873;1347;1956;1043;1117;1467.2;424.450468252775;1043;1956;1588.5;737.5;1064;1174;366;986.0;461.13623258208634;366;1588.5;130;1693;1171;699;1142;967.0;585.6001195355069;130;1693
Mockito;10;11;38;15;16;20;20.0;10.559356040971437;11;38;195;26;20;362;131;146.8;141.02730232121723;20;362;42;47;21;63;18;38.2;18.780308836651223;18;63
Mockito;11;1;1;1;1;1;1.0;0.0;1;1;807;680;665.5;445;719.5;663.4;133.92787237912802;445;807;2;1;1;22;3;5.8;9.093954035511725;1;22
Mockito;12;16;2;4;88;2;22.4;37.13219627223792;2;88;343;405;1092.5;1136.5;126;620.6;462.8759823105969;126;1136.5;14;4;2;3;55;15.6;22.545509530724736;2;55
Mockito;13;37;25;35;22;16;27.0;8.860022573334675;16;37;1136.5;428.5;347.5;139;37;417.7;431.3711568939212;37;1136.5;301;259;211;29;398;239.6;136.38841593038612;29;398
Mockito;14;69;27;69;8;22;39.0;28.257742301889582;8;69;541.5;384;454.5;433;355;433.6;71.96822215394792;355;541.5;536;193;314;208;278;305.8;137.94999093874563;193;536
Mockito;15;621;435;641;389;828;582.8;176.33264020027602;389;828;859;371;907;297;589;604.6;276.4033284893653;297;907;532;122;230;410;412;341.2;163.2213221365395;122;532
Mockito;16;26;9;4;2;6;9.4;9.633275663033837;2;26;170;67;351;343;343;254.8;129.6850029880094;67;351;60;37;46;48;45;47.2;8.28854631404084;37;60
Mockito;17;4;1;1;1;1;1.6;1.3416407864998738;1;4;192;270;304;140;290.5;239.3;70.44111015593096;140;304;50;52;13;5;4;24.8;24.180570712867798;4;52
Mockito;18;10;4;15;7;14;10.0;4.636809247747852;4;15;83;277;710.5;321.5;278;334.0;229.83390742011937;83;710.5;262;23;144;1;25;91.0;110.82644088844503;1;262
Mockito;20;345;228;526;190;240;305.8;135.84623660595093;190;526;1060;1458;507;741.5;1072;967.7;361.66379415141904;507;1458;217;210;554;72;357;282.0;182.42669760755962;72;554
Mockito;21;1;1;2;2;2;1.6;0.5477225575051661;1;2;281;465;362;260;216.5;316.9;98.20157839872024;216.5;465;1;1;2;2;1;1.4;0.5477225575051661;1;2
Mockito;22;10;8;2;9;11;8.0;3.5355339059327378;2;11;608;713.5;623;853;704;700.3;97.46768695316413;608;853;176;332;582;482;132;340.8;192.96942763038916;132;582
Mockito;23;13;45;38;19;28;28.6;13.16434578701122;13;45;288;608.5;5.5;13.5;204;223.9;247.17842745676654;5.5;608.5;33;51;84;65;49;56.4;19.15202339179858;33;84
Mockito;24;1;1;1;1;1;1.0;0.0;1;1;254.5;2382.5;2072;2808;649;1633.2;1118.438006775521;254.5;2808;33;1;21;4;81;28.0;32.357379374726875;1;81
Mockito;25;31;32;35;49;40;37.4;7.3688533707762165;31;49;600.5;1193;186.5;255;705;588.0;403.72066456895664;186.5;1193;50;42;71;23;41;45.4;17.386776584519627;23;71
Mockito;26;54;28;12;11;28;26.6;17.401149387324963;11;54;1003;88.5;1053;155.5;205;501.0;483.17970259521456;88.5;1053;148;334;77;1052;510;424.2;389.3792495755263;77;1052
Mockito;27;78;34;32;40;62;49.2;20.029977533686854;32;78;210;251;1010;19;477.5;393.5;381.2338521170438;19;1010;40;19;36;12;25;26.4;11.631852818876277;12;40
Mockito;28;940;997;1210;928;900;995.0;125.26771331831678;900;1210;785;427;572;323;895;600.4;239.10834364362947;323;895;655;1205;524;437;153;594.8;387.6431348547269;153;1205
Mockito;29;864;1250;1267;811;1527;1143.8;300.974583644533;811;1527;710;1094.5;1135.5;1497;1142;1115.8;279.0677785055093;710;1497;641;1021;616;1329;1426;1006.6;376.25696006851484;616;1426
Mockito;30;7;7;8;4;3;5.8;2.16794833886788;3;8;142;109;228.5;247.5;234.5;192.3;62.464589969037654;109;247.5;16;34;136;46;15;49.4;50.1178610876402;15;136
Mockito;31;497;363;583;405;659;501.4;122.4369225356469;363;659;542.5;559;279;512.5;226.5;423.9;158.21717669077526;226.5;559;369;489;411;456;281;401.2;81.07527366589643;281;489
Mockito;32;2;22;3;196;20;48.6;82.92044380006658;2;196;976;951;442;65;480.5;582.9;383.59620696769144;65;976;321;124;144;368;57;202.8;134.33800653575295;57;368
Mockito;33;4;16;30;7;29;17.2;12.070625501605125;4;30;343;407;239;351.5;381.5;344.4;64.1418350220821;239;407;116;101;44;344;630;247.0;242.78797334299736;44;630
Mockito;34;1;2;3;1;4;2.2;1.3038404810405297;1;4;49;1457;563.5;139;265;494.7;571.9894666862318;49;1457;29;285;9;37;10;74.0;118.57065404222075;9;285
Mockito;35;24;55;49;19;29;35.2;15.880806024884254;19;55;411.5;376;332;396;434;389.9;38.71110951651993;332;434;56;62;87;21;41;53.4;24.562166028263874;21;87
Mockito;36;63;20;62;79;187;82.2;62.52759390860966;20;187;496;576.5;261;774;173;456.1;242.56865007663296;173;774;109;111;382;119;262;196.6;122.14049287603191;109;382
Mockito;37;3;3;3;1;1;2.2;1.0954451150103321;1;3;872.5;561;890.5;866.5;884.5;815.0;142.30688669210636;561;890.5;42;40;65;3;2;30.4;27.300183149568795;2;65
Mockito;38;1367;1367;1367;1366;1367;1366.8;0.4472135954999579;1366;1367;370.5;730;343;411;761;523.1;204.7518009688804;343;761;1230;1341;1230;787;1135;1144.6;212.7963815481833;787;1341
Time;5;9;7;7;8;8;7.8;0.8366600265340756;7;9;2095;2780;765;3347;2384;2274.2;965.4774466552806;765;3347;11;6;4;9;12;8.4;3.361547262794322;4;12
Time;11;795;165;1930;294;186;674.0;747.2954569646466;165;1930;3650.5;2620;1504;3685;3768.5;3045.6;981.7060023245249;1504;3768.5;979;71;396;253;192;378.2;355.66655732581887;71;979
Time;13;3902;4363;4390;4086.5;1940.5;3736.4;1024.0935870319665;1940.5;4390;3621.5;1070;3707.5;2444;1173.5;2403.3;1272.468300194547;1070;3707.5;1385;292;2139;909;860;1117.0;690.3343392878555;292;2139
Time;15;2;2;2;1;2;1.8;0.4472135954999579;1;2;17;40;45;53;95;50.0;28.495613697550013;17;95;5;8;8;4;7;6.4;1.816590212458495;4;8
Time;22;11;7;8;20;4;10.0;6.123724356957945;4;20;2371;1991;4447;3613;2555;2995.4;1010.1013810504369;1991;4447;36;43;27;22;40;33.6;8.848728722251575;22;43
Time;23;10;14;1;6;10;8.2;4.919349550499538;1;14;1023;1064;1443;1434;1225;1237.8;198.18602372518603;1023;1443;3;1;1;2;7;2.8;2.4899799195977463;1;7
Time;27;3770;1413;3695;3330;3945;3230.6;1040.497140793765;1413;3945;3237;1784;1905;4280;2508;2742.8;1034.8375234789276;1784;4280;640;999;840;704;311;698.8;256.87097928726786;311;999
